<?xml version = "1.0" encoding = "UTF-8"?><!-- IBM Confidential OCO Source Materials --><!-- (C) COPYRIGHT IBM CORP. 2011-2022 --><!-- The source code for this program is not published or otherwise divested of its trade secrets, irrespective of what has been deposited with the U.S. Copyright Office. --> <OMObjects Description="Trigger workflow to decode Base64 Document Uploads"><OMObject Type='3'><Module><![CDATA[Document]]></Module><BO><![CDATA[Document]]></BO><Name><![CDATA[cstDocument - Trigger File Decode]]></Name><ObjectLabelName><![CDATA[In Progress 0.0]]></ObjectLabelName><File><![CDATA[Workflow_Document_Document_cstDocument-TriggerFileDecode.xml]]></File></OMObject><OMObject Type='1011' IsIgnoreObjectLabelUpdate="1"><Module><![CDATA[triPlatformObjectLabelManager]]></Module><BO><![CDATA[triPlatformObjectLabelManager]]></BO><Name><![CDATA[\In Progress 0.0]]></Name><ObjectLabelName><![CDATA[]]></ObjectLabelName><File><![CDATA[ObjectLabel_cfb478ea4b3c19a2077f1d82f3fb196c5534c0db.xml]]></File></OMObject></OMObjects>